seccion,titular,sintesis,fuente,desarrollo,fecha_limite,fecha,hora,canal,enlace,texto_boton,imagen,imagen_alt,imagen_credito,pregunta,opcion_1,opcion_2,opcion_3,respuesta,explicacion,nodo,docente_responsable,numero,fecha_envio,periodo,orden,estado
Apertura,,"Bienvenida al primer número del boletín de Derecho Virtual. Esta quincena te invitamos a un panel internacional sobre la interrupción voluntaria del embarazo y a los encuentros presenciales en Bogotá y Pereira, y te contamos sobre la nueva oferta de posgrados virtuales.",,,,,,,,,,,,,,,,,,,Equipo editorial,01,2026-10-08,2026-II,1,Aprobado
Gestión académica,Apertura extemporánea de la plataforma,"La plataforma abre fechas extemporáneas para los ejes 1, 2 y 3. Revisa el calendario y entrega tus actividades pendientes dentro del plazo.",,,,,,,,,imagenes/2026-01/apertura-extemporanea.jpg,"Pieza gráfica con las fechas de apertura extemporánea de los ejes 1, 2 y 3","Programa de Derecho Virtual, Areandina",,,,,,,,Maria Úrsula Botero Escobar,01,2026-10-08,2026-II,1,Borrador
Comunidad Areandina,Panel internacional sobre interrupción voluntaria del embarazo,"Expertos nacionales e internacionales de derecho, enfermería y psicología analizan la interrupción voluntaria del embarazo desde una mirada interdisciplinaria. Puedes asistir en el auditorio, conectarte por Zoom o verlo en YouTube.",,"Organizan la Facultad de Derecho, programa virtual Bogotá, y la Facultad de Enfermería de Areandina. Participan docentes de la Universidad Santiago de Chile, la Universidad J.F. Kennedy, la Universidad Continental, la Universidad La Gran Colombia y Areandina.

Presencial en el Auditorio Pablo Oliveros Marmolejo, carrera 14 n.º 70A-34, Bogotá, de 9:00 a. m. a 12:00 m.

Transmisión en vivo por YouTube en youtube.com/@CETAAREANDINA/streams",,2026-10-09,09:00,"Híbrido, auditorio y Zoom",https://us06web.zoom.us/j/83158777485,Entrar por Zoom,imagenes/2026-01/panel-ive.jpg,"Afiche del Panel Internacional IVE, un análisis multidisciplinario, con fecha, lugar, código QR y logos de las universidades participantes",Areandina,,,,,,,Pensamiento crítico,Equipo editorial,01,2026-10-08,2026-II,1,Aprobado
Comunidad Areandina,Encuentro presencial en Bogotá,"Encuentro con los estudiantes de Bogotá, el decano, doctor Carlos Andrés García, y la directora del programa, doctora Nidia Robles. Inscríbete para asegurar tu cupo.",,,,2026-10-08,17:00,"Sala de la Felicidad, edificio 101, sede Bogotá",https://forms.gle/ppV8BPz3GqQRXWzv8,Inscribirme,imagenes/2026-01/encuentro-bogota.jpg,Pieza gráfica que anuncia el encuentro presencial de estudiantes en Bogotá,"Programa de Derecho Virtual, Areandina",,,,,,,,Maria Úrsula Botero Escobar,01,2026-10-08,2026-II,2,Aprobado
Comunidad Areandina,Encuentro presencial en Pereira,"La cita es en el corazón del Eje Cafetero, porque en Derecho Virtual la integración es solidaridad. Inscríbete y acompáñanos de 9:00 a. m. a 1:00 p. m.",,,,2026-11-13,09:00,"Auditorio principal, seccional Pereira",https://forms.gle/tA2U6cNktdg2MQ7L7,Inscribirme,imagenes/2026-01/encuentro-pereira.jpg,Pieza gráfica que anuncia el encuentro presencial de estudiantes en Pereira,"Programa de Derecho Virtual, Areandina",,,,,,,,Maria Úrsula Botero Escobar,01,2026-10-08,2026-II,3,Aprobado
Comunidad Areandina,Nueva oferta de posgrados en modalidad virtual,"Se amplió la oferta de programas de posgrado en modalidad virtual, pensada para fortalecer tu formación y responder a las necesidades del ejercicio jurídico actual.",,,,,,,,,imagenes/2026-01/posgrados.jpg,Pieza gráfica con la oferta de posgrados virtuales de Areandina,"Programa de Derecho Virtual, Areandina",,,,,,,,Maria Úrsula Botero Escobar,01,2026-10-08,2026-II,4,Aprobado
